A. Lange & S_hne (Richemont Group),Audemars Piguet,Ball,Baume & Mercier (Richemont Group),Bell & Ross,Benrus,Blancpain (Swatch Group),Breguet,Breitling,Bremont,Bulova,Bvlgari (LVMH),Cartier (Richemont Group),Casio,Certina (Swatch Group),Chopard,Christopher Ward,Chronoswiss,Citizen,Diesel,Doxa,Ebel (Movado),F.P. Journe,Fortis,Fossil,Fr_d_rique Constant,Girard,Glashôtte Original (Swatch Group),Gucci,Guess,Hamilton (Swatch Group),Hermes,HMT,Hublot (LVMH),Invicta,IWC (Richemont Group),Jaeger,Junghans,Longines (Swatch Group),Luminox,Marathon,MB&F,Michael Kors,Mido (Swatch Group),Mondaine,Montblanc,Movado,Nixon,Nomos Glashôtte,Omega (Swatch Group),Orient (Seiko),Oris,Panerai (Richemont Group),Patek Philippe,Piaget,Rado (Swatch Group),Raymond Weil,Richard Mille,Rolex,Rotary,Seiko,Sinn,Skagen,Stowa Stowa,Stuhrling,Suunto,Swatch,Swiss Legend (SWI),TAG Heuer (LVMH Group),Tianjin SeaGull,Timex,Tissot (Swatch Group),Tudor,Tutima,Ulysse Nardin,Vacheron Constantin (Richemont Group),Vostok,Zenith (LVMH)
1265316,388453,467500,1249626,514508,237733,1003617,759214,926241,241806,892360,679148,610115,323063,839680,251614,875227,1044527,745455,413243,598320,217655,838705,592912,379432,39474,1066166,209701,1226457,982406,386692,1183466,73431,98738,644818,317582,1022260,843599,938915,639896,1136091,1234234,184240,883435,1161528,536296,369501,652197,921108,187647,765259,504273,988035,137470,447142,365323,125563,790015,779800,700260,677380,135926,811559,2450230,251720,393570,1043312,1174666,806240,1052471,789204,286562,929811,216588,864286,1285213,808623,968596
3301,6160,9644,6782,35149,1425,11653,29277,54189,285547,6581,6282,1454,30694,9079,25302,6148,460,8146,2877,1722,16222,7354,21804,644,37736,8186,10594,11039,20025,48784,21449,28042,11957,7523,793367,19067,16000,29202,277,1762,15743,13901,15463,19279,18301,70829,20851,26698,13986,16389,47895,508,4310,3195,5697,3922,18587,21312,36234,17250,7900,7533,31381,68361,41951,40465,3540,9315,253,77210,10375,1248,518,3846,10,13778,19402
2174,1946,8520,7266,38041,1185,10448,9778,30744,19662,6965,5209,2205,25234,5443,34981,4417,243,5390,2752,2125,8800,4774,18334,719,87373,21035,7046,11362,33350,11663,17227,27939,21069,13223,8754,23268,19690,15249,1842,2012,6465,7511,26518,30347,23544,119110,16926,25985,111251,17927,44656,441,2110,9037,9445,52096,47649,15808,61614,58314,4694,7488,38338,112190,88220,9446,7409,8362,177,34907,14646,1198,3180,4013,22,17047,11525
1078,1597,11467,3927,40533,1211,7557,13852,27699,23812,5828,6943,2429,16936,4941,24003,3777,307,2530,5671,2266,8076,2868,16635,707,85981,28083,4947,6838,160409,22986,18121,20799,35339,9303,5321,15993,23259,9490,6327,1094,5354,7044,18337,12685,27955,99087,21179,18508,633114,52808,22711,503,1234,6575,12711,960359,28669,7695,59711,28938,3585,7052,14940,139281,108467,7499,5457,8979,215,12221,28470,1401,22665,3498,44,10158,9126
775,10663,13199,3031,48991,2052,8086,10188,28272,55285,208897,10288,6110,13735,6715,28465,2622,183,1753,6404,1591,4684,2114,45262,630,102277,24746,4507,6256,11508,8201,8068,8623,31783,5862,4649,14123,21312,5047,3464,1229,2861,6357,7636,7826,31273,89903,40495,17561,1102,69755,27371,444,853,7042,10666,202172,28070,5972,64669,47744,2566,6091,9280,131972,51108,4756,10593,11121,192,11436,13806,1470,23004,2907,49,6965,8648
729,92071,16367,2583,40194,4615,8594,6755,23765,30705,3562,10509,9546,9481,10819,76631,2318,227,1625,840355,2332,3662,4418,29717,1006,53496,6422,4085,3177,6728,6555,4281,5441,50930,5183,5741,7792,29818,4403,2795,1012,2134,7708,8618,4434,40121,125986,39698,8623,701,48104,26977,493,732,7739,8487,61768,31170,4782,42301,19936,2409,6000,7445,110987,26900,3977,10562,6969,156,9301,20122,1478,23882,3107,53,5287,6310
3569,945,7586,1453,36706,15579,5713,6208,23774,27295,55416,9921,5586,18319,16504,56234,2100,196,1457,929,1116,2742,5970,18733,878,30217,4330,3556,2734,4954,6645,2860,6424,87430,4325,5252,6077,34221,3147,2070,846,1481,13909,6252,3191,51428,94160,55018,5115,905,24754,26022,407,649,4933,10177,27543,30812,3003,22949,34634,2258,6943,5739,78013,32784,3764,7783,4909,138,9063,13985,1058,26759,3028,36,4313,3946
3532,923,5123,1324,26304,65377,4599,5327,14502,32462,2268,8738,3970,18889,6347,31517,1951,208,1791,777,1437,3140,8081,15710,1380,19767,5245,3183,1933,3962,5080,1712,7773,107337,3926,12448,5126,30853,2618,2559,714,1130,123600,22212,2381,57878,89814,38360,4030,938,13872,22959,780,793,4339,9242,13305,23625,2590,23426,20385,2631,7631,4030,58683,27097,3288,5539,14250,52,7380,8370,1651,21719,2670,25,4107,3939
2243,1080,3830,1333,23440,78296,5225,4745,15735,31348,2446,6777,3896,10795,5660,24539,2244,262,1981,901,1312,2545,2451,14450,2554,21524,2575,3100,1579,2984,5719,1437,8580,131388,3620,6039,4873,28865,2073,1922,672,871,34564,10634,2159,58131,78913,44803,2789,1111,8396,22623,1151,617,3540,8637,6643,16547,2153,15569,22298,3029,6981,3726,44901,26050,3621,5310,13285,35,7688,6844,1396,20140,3132,16,4738,2474
980,5088,2820,1032,18070,47330,4577,3986,13566,28622,1906,6366,3597,25406,5572,33470,1670,217,2533,796,1222,2772,2151,13343,712499,17259,2035,2784,1184,2437,6152,1260,9753,108749,3324,9196,8282,26523,1917,2169,590,679,255653,11719,1982,51245,50743,105602,2456,1359,3506,17180,1069,574,3258,7144,3825,10001,2508,12807,38417,2632,6366,2816,31852,25812,3441,4623,6210,37,7454,5600,1663,16048,2670,7,70656,2014
795,12365,2341,1153,16208,44467,4545,4287,9583,37289,1487,9025,4264,26653,4781,25421,1658,388,2413,790,1158,2881,2110,13491,644,18601,2056,2959,1163,2148,7647,975,71839,87316,3983,17312,4300,21566,2014,2485,601,680,60566,4434,2014,42405,4077,42666,2495,1940,3057,15235,1149,535,3194,7039,4743,15139,2361,13174,49352,2376,5807,2834,24934,19622,4020,4144,8945,27,10000,4875,1480,16215,2475,3,5988,1814
425,1243,1775,969,16936,46550,54325,3891,14535,42723,4189,9843,3749,23972,6885,24729,1569,165,2374,687,908,3355,73178,13797,2111,17745,1856,3208,915,2147,8514,796,91295,60124,3984,10721,3995,22052,1968,3985,451,559,38793,4171,2036,31172,464,26427,2833,2134,2513,13693,1072,592,3172,7341,7285,19260,1723,11630,10560,2224,6326,3729,19747,17439,4042,3623,6630,29,11079,4754,2086,14991,2361,2,7095,1910
959,1425,1887,845,15026,47151,3262,3606,3116,35233,712,10765,3405,17069,5741,20930,1223,320,2400,813,1035,4750,2016,13247,416,25588,1767,3575,963,1773,7691,827,32728,40814,3580,5246,4057,14230,1799,7009,456,528,8964,6009,1877,23754,317,17198,2205,3447,2474,11993,1046,602,3050,7001,5903,9585,1520,9779,8441,2464,6026,1799,15784,15525,3640,2707,6414,16,10848,4724,2141,12109,2481,2,5182,1250
774,1435,2265,858,19880,50452,3122,3246,1905,22407,522,10219,3623,13137,31885,18072,1167,163,2383,636,861,4556,6765,12979,378,31343,1720,4502,1061,1653,8253,638,70335,34000,3647,4381,3439,12494,1689,2238,387,483,20000,8750,2002,16862,265,13502,1868,3647,2126,11706,1356,900,3582,6906,7339,3441,1443,9555,8196,2400,6542,1680,12245,10842,3817,2628,7315,19,10587,4354,5604,10412,2359,1,4500,1336
1404,1387,2632,817,14815,49839,2569,2941,1749,17894,546,12712,2309,11327,7201,15550,1029,281,2269,491,900,4929,3027,12324,377,37368,2126,5270,1129,1320,8131,485,111338,17845,3743,4308,3528,9484,1755,6581,384,401,4710,4348,1610,12800,232,8608,1609,4453,2204,9707,1269,937,2894,6895,6513,8725,1526,8556,5880,2351,6648,1201,10568,14050,3258,2463,5613,13,8569,3581,5066,9860,2753,1,4199,1393
2281,1393,2477,584,13661,46046,2728,3085,1934,14491,389,7858,2926,49195,4178,12226,1225,254,2202,451,849,5300,2548,12642,387,26120,2561,6889,1056,1218,9133,454,8574,23146,3906,6271,3253,9569,1589,3638,273,485,2786,6856,1866,11439,224,7517,1441,4199,2160,9832,1190,1777,2598,8104,7025,11004,1450,8933,3988,2437,6810,1474,9305,5029,3057,2623,5867,28,7811,3516,18946,9082,2626,1,5188,1065
1283,1939,3223,631,10064,34657,2718,3101,6521,13786,401,11221,2202,11273,4054,10074,1127,292,2406,417,988,5718,1658,11980,6902,29753,2191,7844,1282,1172,10599,425,10769,13045,5338,7827,3595,8214,1612,5627,295,400,3576,5789,1971,11939,215,9008,1204,4442,1956,9225,1316,1781,2325,8534,7392,10098,1511,10204,2859,2465,6635,1157,10189,10892,2771,2605,4499,15,8037,3421,17294,9879,2466,9,5556,896
1099,1344,3071,612,6570,32433,2235,2663,2316,13477,286,6527,1452,4281,3936,8165,895,217,2387,409,791,5328,1221,11755,26596,25432,1395,7490,993,1071,11892,426,4570,7902,9733,5080,2913,5850,1608,1059,205,304,3815,7240,1806,11312,186,12166,836,4500,2152,7116,1302,1460,2088,6895,8992,2684,1431,10458,2128,2433,6626,698,7796,3044,2341,676,5917,4,7482,3287,9124,9655,2004,0,4719,604
400,1487,3632,479,6677,27834,2416,4231,9311,11887,415,6246,2039,5653,3350,7065,1125,290,2374,353,918,4530,1228,11011,202,27076,1906,9514,946,1077,12346,398,7798,9226,7044,6172,3090,4618,1610,4072,257,277,4089,8282,1280,10119,245,8291,872,4253,2623,6604,1630,1536,2183,6523,9220,7158,1443,8966,1769,2175,6756,963,10397,2542,2096,2264,4863,29,7023,3346,7539,9989,2210,0,3821,739
345,1174,4791,418,2764,23869,1720,2145,687,8861,250,5014,517,1721,3614,5744,715,428,2368,328,716,3481,675,10093,96,19329,1290,7374,591,1020,10593,330,7737,794,6781,3673,2348,2502,1408,117,182,87,4742,6521,952,7922,232,7408,669,3902,2305,4496,1087,1616,1834,4837,9128,682,1378,7044,1649,2211,7625,371,6134,942,1714,321,4031,5,5522,3310,7122,10471,1827,0,2983,388
183,1979,5577,454,6943,30813,2615,2878,4839,10804,741,9693,2430,7554,3734,5803,1683,350,2624,458,825,3771,1309,10182,114,20053,1968,12495,653,973,14228,489,7951,8469,49421,7199,3696,5077,1529,7925,258,285,5978,5266,2082,10275,542,13033,818,4212,3139,6774,1654,2413,2747,7617,9373,7749,1342,7623,1732,2377,9467,1011,12930,1105,2234,2478,4872,27,5999,4038,8867,12700,3731,23,9663,763
157,1716,4374,405,3817,28028,1992,2741,5298,10868,840,5903,1365,3512,3649,5089,1166,432,2270,519,833,2251,982,9199,109,26824,1805,12106,392,952,11345,459,5187,5004,9728,7557,2855,1907,1386,2402,182,178,6547,4516,1179,7624,597,5739,641,5012,2516,4651,1216,2379,2959,6118,8317,1764,1253,6628,1527,1891,8200,508,9421,984,1692,496,4517,2,5584,3726,7502,11983,2186,0,3275,365
181,2014,4217,328,4553,24520,2135,2206,1038,7822,1191,6269,1699,6373,3497,4794,1831,313,2328,517,742,2000,592,8234,114,38196,1528,12476,327,1000,12800,453,5256,2804,8485,4864,2927,1946,1310,6278,241,199,6728,6737,1076,7434,874,4282,702,5325,2375,4399,1322,2359,2932,6079,8700,7441,1234,6471,1216,2024,7746,611,10216,882,1598,2155,4196,47,5100,3615,7211,11647,2288,21,2428,906
18,2124,5280,381,3161,26539,1879,2287,3057,8366,1607,6142,1404,1551,3758,4229,1276,355,1955,529,992,1352,710,8019,197,27572,2538,14638,270,857,13715,588,7997,4542,6422,6322,2802,1128,1204,3545,213,172,7384,5471,1283,7737,990,3460,647,5904,2274,3528,1283,2469,2899,5388,8897,1578,1254,6671,962,2155,7076,519,9752,903,1382,466,4102,6,4907,3550,6037,10458,2362,1,2474,316
30,2083,8936,310,1435,27826,1595,2271,577,6119,1559,5097,433,936,3635,3640,1155,323,1922,410,731,960,454,7289,138,26795,1791,12747,210,844,13992,472,3544,180,5617,3084,2415,191,1202,60,152,69,7122,7035,230,7548,1004,2355,547,6526,1982,2506,1119,3016,2718,3832,8360,559,1190,7578,750,1991,7809,236,7398,831,1134,157,3956,3,4428,3292,4475,10590,2132,0,2037,232
142,3797,15294,335,5379,34551,2299,2403,8238,7089,2037,8761,2774,13266,4535,3638,2770,400,2495,429,1270,827,656,8094,86,25121,2961,19954,301,810,19568,831,4913,6285,7753,4437,3378,2421,1225,13722,318,261,8855,5809,1564,8432,1020,3797,641,7635,2585,4728,1850,3976,4384,7779,8654,9271,1304,9296,574,2037,8287,842,13124,1184,1237,2210,3941,80,4793,5533,4682,10503,2487,64,2641,1143
22,3215,4570,276,2171,26657,1662,2582,624,4566,2436,5500,744,1638,4347,3146,1719,354,2020,324,1067,647,404,6807,97,27943,2478,15319,207,760,18188,618,4010,506,7091,1553,2563,563,1140,508,206,102,7972,7246,1032,7087,1250,3499,603,7472,1841,2612,1796,19631,2893,4837,8134,1124,1239,9911,493,1590,8843,411,8695,1037,1009,243,4026,4,4345,3645,4790,10316,2438,4,2201,220
27,5429,4194,264,2633,24959,1716,2392,6940,4069,2803,5540,1479,1429,4481,2865,1846,347,2486,320,1381,614,473,6743,11470,27224,3500,20396,236,732,20886,538,5449,3628,6908,1478,2621,1103,1000,4086,314,127,7367,9618,1054,7093,1760,3273,545,7947,1520,2530,2408,27918,3197,5021,7505,1341,1253,7699,423,1824,9675,490,7861,1135,1146,418,4041,5,4490,3863,4532,11241,2668,10,2003,236
16,6590,4710,249,3301,25429,1882,1980,7234,4999,3291,6305,2036,1655,3908,2829,2387,308,3007,234,1060,627,433,6250,117,29411,2944,20313,225,763,23629,601,5276,2117,6183,1052,2746,2382,1046,8065,312,160,7778,9464,578,6996,2497,2457,554,8433,1887,3461,1644,19773,2684,4871,6201,7704,1211,8063,396,1704,10612,471,6545,1255,1009,1709,125046,157,4360,4314,4889,10046,2741,30,2231,739
17,6522,4195,244,1621,22361,1438,1990,638,4018,3261,5742,843,1051,3687,2373,1857,344,1869,184,1256,913,434,5995,101,25712,3755,14886,219,680,21576,580,5683,394,6992,684,2139,269,908,145,235,105,7142,6216,540,6046,2728,2767,488,8896,1698,2009,1192,22895,2682,4025,6078,718,1205,5837,395,1739,9614,318,6424,1243,993,171,3742,2,3952,4640,5205,9998,2746,38,1993,185
12,9230,4839,236,2087,22249,1627,2049,2811,3431,3491,7217,1780,1391,3789,2431,2122,268,3689,164,1410,1268,440,5740,85,21314,3706,23311,229,741,24528,508,5073,3134,6417,797,2247,987,918,5140,344,131,7161,6615,716,7624,2536,2935,610,9612,2237,2247,1049,37406,3090,5228,6213,1624,1184,5848,427,1840,10460,448,6357,1470,1623,501,3784,4,4246,5578,5655,11432,3116,26,2020,226
15,12741,5216,228,1646,20122,1465,1777,497,2043,3183,7804,1426,1639,3777,2226,1894,389,5001,137,1506,1182,479,5697,68,16926,3738,15699,182,683,23405,465,3588,499,5020,557,2011,292,844,203,285,119,6772,6514,625,6694,2471,3151,572,10151,2327,1854,785,169312,2962,4704,6426,969,1096,4759,449,1809,9591,380,4780,1337,1427,161,3664,12,4093,6359,5697,11932,3072,35,2013,175
21,16606,5769,252,772,19172,1341,1917,352,1737,3385,9031,1132,1074,4082,2547,1711,420,1588,108,1099,1183,357,4884,203,12657,3735,17239,206,705,24098,538,3564,138,4884,443,1871,87,863,76,231,65,6675,7181,116,6296,2612,2012,412,10731,2772,1325,510,6793,2422,3828,5756,867,1075,4003,482,1659,11716,187,3111,1458,1107,75,3783,0,4115,7900,5660,12858,3300,15,35450,137
14,25225,5028,282,4788,19479,1806,1817,2172,2122,2889,13649,5238,5697,4353,2207,2406,384,9648,120,2229,1463,582,5843,108,11535,4618,28954,269,731,26682,598,3682,4873,4771,863,2703,4235,822,17281,363,387,6781,7792,1232,6925,2468,3212,537,11453,4044,4948,958,6236,2661,17866,6259,7248,1108,4354,417,1780,12919,774,7514,1614,1277,2357,3635,535,4281,9092,6022,12900,3385,326,2495,826
14,18643,132649,270,751,15504,1271,1605,238,1535,2670,9515,3025,1360,4166,2094,1961,523,1537,117,1104,1515,300,4251,96,9943,3381,15175,197,665,24687,734,3319,146,5096,383,1506,66,769,100,236,104,6451,10185,80,6902,1516,2086,434,11358,3116,1161,465,7435,2195,5709,5332,1100,1035,3146,423,1379,13140,204,2720,1437,1692,75,3553,1,3846,10286,6515,14410,3322,294,2205,129
190,16216,6683,329,1445,12359,1339,1861,186,1462,3140,13648,4253,1912,5081,1893,1890,563,4657,83,2384,1782,736,4732,111,9908,3627,14288,269,656,24663,831,4240,496,4840,411,1677,280,718,354,271,136,6293,11796,438,5241,1569,2747,425,11712,3567,1679,512,7778,2334,22013,5642,1518,974,3219,284,1334,12321,350,3531,1481,798,188,3698,10,3694,11393,7230,15222,3206,3895,1851,155
16,16289,5525,582,846,11546,1221,1739,312,1514,3088,11173,2866,2077,5152,1921,1727,516,1774,94,1485,1945,324,4344,10141,14945,3348,17246,331,660,25448,788,3163,290,4103,470,1579,176,861,1527,262,153,6211,10761,210,4474,1465,2054,472,11179,3522,1514,470,9988,2489,27911,4925,1400,1052,3173,261,1479,13389,264,1864,1556,780,212,4080,4,3411,13718,6116,18026,3219,2062,1673,119
15,20316,6536,438,1557,8552,1327,1941,1508,1351,2518,6357,3356,3077,4991,1717,1874,499,4928,105,1822,2297,377,4447,169,13745,3092,23959,515,638,25423,798,4058,2424,4642,470,1496,1775,763,2968,185,107,5691,7592,468,4686,967,2281,339,10906,3243,2182,459,11780,2221,56969,4291,1489,1112,3167,245,1379,11555,327,1932,1448,724,389,3989,17,3236,15200,5422,17923,3071,702,1998,457
15,19301,5752,386,1301,7418,1281,1870,165,1435,2492,5225,2764,2785,4845,1852,1947,577,3373,89,2304,2770,488,4312,58,7975,3569,12183,592,619,24830,691,3732,603,4620,395,1573,230,672,540,182,169,6112,5592,337,3793,1008,7874,448,10944,3298,1370,433,15657,2390,96259,4298,1242,1075,3255,346,1528,11697,339,1524,1548,847,165,4287,14,3181,18085,5498,17356,3312,1109,2316,130
16,18227,4193,272,394,4376,1053,1434,143,1108,1995,3659,1652,2056,5044,1372,1530,640,1208,68,1221,2336,224,3479,87,7653,2690,11193,615,529,20399,686,3478,100,5656,306,1117,117,625,154,167,63,5440,3064,144,3030,747,1699,358,10047,2744,734,221,18360,1987,98868,3565,769,992,2684,285,1038,10141,176,756,1212,1008,53,4002,0,2713,17857,5595,13642,2897,59,1503,81
15,24140,7536,307,3659,5353,1694,1803,6338,2045,2207,6100,4893,3021,5892,1925,3599,623,10231,91,2462,3060,390,5113,89,8524,3156,25141,572,506,26782,995,3724,2052,6924,563,1947,3506,735,6546,191,310,6479,2813,631,4180,1118,1685,495,10778,3270,4694,564,26391,2460,128910,3710,5789,1067,3987,324,1743,12213,496,2109,1753,2172,1979,5046,1664,3185,23818,6045,16659,3907,98,1705,538
201,22476,6237,245,1177,3347,1240,1708,166,1702,1883,4249,2817,2492,5000,1461,1865,551,3540,80,2666,3500,400,4089,140,6993,2647,11170,305,481,22334,649,3968,609,5997,341,1330,184,605,353,142,195,6075,1521,340,3185,808,1419,363,9586,2852,1220,338,22503,2099,42518,3071,1181,989,8132,236,1382,9977,296,971,1591,1057,157,4536,18,3166,23833,5240,16265,3632,39,1641,178
196,23859,7425,295,1748,2704,1359,2143,240,2090,1845,4500,4091,2163,4966,1698,2561,825,6483,65,2619,4588,444,4351,94,7190,2676,26282,245,442,22725,733,3842,2320,5733,414,1560,2765,612,5314,133,302,5804,1171,581,2688,840,1463,437,8721,3211,2468,415,21350,2303,40444,2955,1380,987,4110,214,1787,9605,360,750,1682,1093,420,4784,204,3183,26068,5418,21404,4015,1495,1610,153
21,18695,5785,260,461,2237,1164,1866,177,1947,1858,3637,2826,1483,4377,1404,2066,704,2571,68,1800,4785,534,3808,98,6067,2439,7818,278,383,17042,690,4363,140,5237,297,1132,46,627,70,72,187,5298,710,265,2899,826,935,325,7780,3530,937,204,18700,1852,8546,2768,864,852,1540,182,1422,8213,185,247,1633,833,66,4341,6,2978,27893,5379,21727,4662,3,1461,75
23,25067,4440,280,669,1969,1335,2314,1556,2373,1604,4121,3717,1618,4159,1646,1423,684,2484,75,2088,3949,515,4028,11421,4933,2531,10970,221,392,20562,681,4349,536,5376,277,1248,70,599,960,83,263,4949,645,389,2952,919,1156,346,6939,3607,1371,279,371483,1993,10673,2544,977,818,1566,160,2523,7567,246,430,1816,885,243,4858,17,2957,30178,5597,22717,5546,8,1472,120
25,31829,8393,290,1098,2420,1344,2760,285,2397,1483,4229,3604,3752,4088,1478,1915,707,3277,81,3150,4287,810,4167,41,3868,2484,13235,257,375,17747,659,3912,387,5678,290,1479,222,660,305,89,234,4354,662,451,2536,1187,1274,368,6471,4420,1122,285,14034,1857,11018,2402,985,860,1530,99,2055,8344,337,290,2056,674,158,4646,59,3121,29549,5104,19748,6387,14,1310,435
33,46890,5337,259,682,1725,1291,3363,419,2644,1441,3752,2183,1503,4035,1535,1682,770,5003,103,3235,5304,1253,3537,94,3367,2308,7946,256,514,16996,564,3965,184,7615,260,1409,246,636,242,84,174,3969,618,549,3201,1493,1082,324,5841,5219,1569,193,15537,1865,5313,2247,911,765,1606,70,2771,5624,267,229,2135,665,115,4699,36,3315,31724,4424,20728,6973,2,1423,135
25,52183,7703,232,648,1557,1317,4355,488,2606,1187,3932,1554,958,3860,1278,1036,752,1836,84,2302,7194,1282,3648,51,3282,2364,11895,206,342,14037,455,3956,265,42210,280,1298,37,618,160,106,219,3645,517,551,1837,1693,1134,378,5190,5560,887,225,12938,1695,5165,2082,866,684,1808,57,3130,7364,272,188,2213,666,79,4388,40,3373,30800,4011,17804,6887,0,1443,90
15,58345,10050,242,329,895,1232,4569,96,3076,1127,3644,981,1066,3826,1312,1693,933,2647,71,2283,7681,1863,4088,86,3271,2030,8081,247,444,14836,802,3706,102,7724,223,1177,46,572,133,62,135,3369,554,686,3024,1640,1127,327,4950,5545,899,140,14254,1857,1508,1872,880,672,2197,50,3061,8586,233,136,2410,636,69,4633,0,3693,33163,3409,18413,5996,0,1355,76
12,35341,18,113,69,298,857,4366,48,2083,874,2255,407,472,3097,945,320,842,757,55,1559,8748,1362,1596,40,1739,1733,1182,128,317,7411,124,3648,13,5637,156,568,22,423,94,39,109,1791,310,517,904,560,854,195,3688,4421,679,26,17855,715,547,1505,528,479,1792,24,18012,289,127,98,1657,498,49,2846,0,2778,25197,2020,10616,3517,0,1013,54
19,72628,14208,315,6460,1077,2145,6831,981,4861,1973,10619,5346,4837,4891,2672,109238,1447,8692,170,4858,30860,2341,6649,199,3088,3020,37698,324,403,18942,752,4462,4161,12158,707,3397,8156,761,82098,140,596,3297,837,1641,4229,2025,2004,506,4721,7636,25229,850,19353,2248,23425,1939,6883,696,3352,55,29141,11144,866,1832,4322,899,2798,6218,5096,5234,43706,2850,19013,5455,82,2747,1097
14,29705,11988,182,329,258,1232,5540,67,3970,1095,2861,533,620,3436,1288,1440,1475,2173,113,2356,38867,1800,3683,53,2041,1799,4733,147,337,9092,458,3910,74,8203,178,950,77,491,658,26,127,2154,507,553,2478,1465,1287,284,3690,5884,771,104,32914,1576,1393,1475,841,503,1297,18,6707,6411,284,116,3252,638,74,4252,0,3334,33818,2088,13408,3279,0,1361,90
10,18416,9721,164,589,568,1301,5965,91,4620,1258,3185,623,719,3533,1360,960,1695,2227,103,2907,18147,2110,2770,60,2061,1830,11969,183,336,10182,315,4123,159,30290,180,1119,39,558,466,16,149,2016,553,484,1503,1444,1353,376,3625,5627,846,151,100715,1642,3495,1418,870,550,725,14,643564,6580,377,124,3966,664,107,4471,68,3135,34856,1753,14862,2959,0,2317,79
9,11922,7179,127,665,194,1324,5986,103,5104,1178,2675,596,627,3597,1175,1451,1756,2270,149,2584,25587,2231,3630,61,1870,1632,4053,190,360,7518,391,3479,137,7041,181,1192,56,339,218,19,189,1662,434,344,1724,968,1395,288,3298,4728,1119,288,7966,1467,3121,1340,949,433,640,6,15755,3321,423,148,4131,648,108,3994,105,3073,32026,1547,13795,2437,0,2162,116
15,6943,10954,85,600,213,1493,5246,115,5364,1263,2471,613,729,3645,1123,3610,1825,2692,161,3102,14116,5651,2823,84,1654,1236,6241,164,369,6376,262,3955,135,6943,127,1325,57,365,167,22,131,1695,470,310,1274,1380,1359,291,3017,4386,1402,124,5496,1534,2439,1241,961,486,596,10,24829,5430,458,137,4794,1237,103,3937,143,2973,30871,1259,17281,2167,0,1848,344
9,4082,17880,69,1364,181,1341,4816,144,5764,1124,2909,883,10385,3656,1122,4051,2103,4054,123,3130,15506,3462,2916,18955,1642,1066,6968,177,363,6453,285,4782,292,5809,154,1453,226,312,340,26,154,1473,538,274,1167,1754,1454,330,3021,4684,957,180,6725,1591,3896,1094,1247,454,504,8,28719,3604,623,152,5345,796,242,3785,386,3134,26840,1180,18220,2076,0,1632,379
15,1868,7798,52,430,126,1303,4600,234,5742,1324,2235,488,760,3395,854,975,2355,2381,101,3443,24436,4848,2780,13,1366,745,7480,239,351,4222,221,4578,101,5100,131,993,49,308,58,20,97,1512,402,178,1153,2485,1123,311,2499,4787,674,111,4481,1443,2838,1029,871,412,439,5,12151,3890,474,135,6100,773,105,3536,30,2371,23867,1122,21130,1865,0,2096,94
8,2253,35436,43,926,110,1389,4593,632,5863,1267,2412,738,758,3223,935,1289,3288,3155,145,2821,22249,2964,2770,39,1556,742,6781,359,367,5012,288,4309,143,4921,171,1312,93,288,1566,18,168,1517,423,167,1044,6588,1173,302,2358,5185,941,137,5473,1516,4097,949,1326,392,412,4,5600,3582,497,195,7083,674,388,3639,264,2356,20458,1216,22436,1715,1,2311,233
144,1268,73273,29,466,64,1232,3759,726,6014,1219,1989,477,651,2922,873,872,3471,3772,93,2600,13274,3990,2482,26,1521,607,3994,347,356,2288,142,5671,118,4119,175,1123,43,289,115,11,105,1998,393,110,934,3053,928,241,2021,5003,879,115,1210,1291,3147,896,851,357,307,3,2419,2666,516,135,7845,764,101,3031,119,2207,16568,1212,20628,1489,0,1452,196
4,526,4629,24,295,39,1080,2769,604,5562,809,1485,328,474,2666,641,719,2983,2106,94,2451,12074,5546,1972,12,1209,443,1679,190,357,3357,219,4526,40,4454,109,771,35,232,37,2032,95,1309,323,86,698,1382,760,254,1705,4148,485,45,3051,1096,1953,783,634,305,263,5,2422,2349,439,101,8226,690,82,2544,11,1879,13078,1227,12182,1214,0,1091,91
12,4541,22781,26,2013,53,1678,2836,884,6566,1490,3063,1972,874,2940,1191,9967,2872,5163,104,3725,12462,8202,4619,119,2705,617,17855,159,399,1762,195,4964,1639,5266,329,2085,8416,277,1759,27881,231,2538,400,258,1115,1849,914,334,1885,4783,1930,311,1523,1703,9381,904,1571,365,415,13,2403,4145,742,305,11881,918,327,3515,1563,2353,13595,1540,16635,1766,4,1652,226
7,1021,4325,13,736,14,1406,2223,554,5940,939,2051,557,511,2597,1151,1073,2854,4454,81,2692,10916,11538,2717,31,3394,515,3098,172,382,3557,203,5254,104,4870,133,1086,64,257,164,5168,111,1417,376,87,821,2160,710,291,1602,3673,606,125,2450,630740,2963,735,1008,327,339,4,2218,1851,556,89,12023,960,87,2923,383,1888,10068,1336,13638,1942,0,1505,142
9,1819,13947,11,1478,8,1420,1807,41,5817,1097,2356,953,6958,2708,1381,3428,3231,4903,85,2708,7382,3451,2265,42,3357,402,5373,231,648,1314,172,5829,246,32424,163,1365,403,245,667,49,158,2079,378,110,892,2398,814,339,1531,3600,888,470,594,1380,2324,699,1228,310,340,6,2024,2347,623,131,13772,1852,207,2723,1372,1933,8842,1514,12545,2392,0,73160,503
8,927,2219,12,412,6,1207,1589,2,5596,945,1713,450,419,2261,1356,972,3254,4890,78,2256,8507,4309,1960,20,3669,337,2264,149,523,751,119,9394,92,5225,127,957,50,252,123,24,109,1358,384,73,748,2547,927,335,1354,3832,671,65,455,1220,1521,660,935,263,305,4,1731,1051,361,94,14490,709,100,2373,146,1586,7288,1507,11123,1146,0,1360,270
11,712,11751,10,511,3,1219,1394,1,5195,939,1926,721,328,2495,1765,1080,3447,6601,93,2415,6652,1940,2418,87,3602,404,7684,98,637,1054,176,12981,129,4615,143,950,52,206,83,36,106,2588,390,58,820,2033,518,349,1395,3825,531,139,904,1271,1363,628,1080,312,289,6,1414,2732,278,85,15904,622,111,2578,175,1548,6643,1669,16942,1124,0,1484,159
7,509,422,18,634,5,1220,1353,2,4964,1165,1673,757,265,2526,2175,1134,3550,9540,65,2394,6798,2350,1973,79,3679,315,1799,95,597,9417,205,13698,61,3371,130,850,53,248,76,7,100,2599,323,69,774,1537,564,402,1150,4036,706,61,665,1332,1028,647,1022,319,234,3,1098,1420,281,63,17354,547,93,2436,41,1554,5926,1765,12966,941,0,957,97
123,7212,7928,4,5640,6,1395,1142,55,5620,629,4371,4735,3524,3218,3146,31959,8414,11464,108,3285,6039,1154,14217,129,4009,477,15382,100,630,1766,202,11341,2401,7218,308,2674,4251,202,82305,54,435,1643,403,279,892,1061,633,399,1160,4557,63863,775,595,1015,4469,603,5938,337,280,31,1150,1657,498,640,16487,513,2140,2452,20349,1532,4163,1748,5221,2215,9,879,909
7,230,60,6,106,3,1057,830,1,4563,756,1290,550,253,2121,2954,2022,4465,9385,79,2020,7473,1731,1521,30,3979,197,899,64,488,135,171,7824,36,2997,149,708,127,232,50,11,114,2380,338,68,548,880,420,334,954,4066,450,20,245,977,539,638,707,308,185,3,909,428,155,53,16550,449,76,1922,9,1292,3825,1833,12121,1644,0,889,93
5,612,1195,8,818,2,1171,725,0,4388,682,1962,583,201,2726,3764,3538,4295,10543,102,2589,4493,1063,2286,41,3665,304,2741,53,463,638,198,7096,103,2566,129,1095,32,236,171,8,104,1952,347,39,814,701,397,325,864,4628,627,160,529,1430,1209,699,1028,318,199,3,734,2864,163,49,16407,510,122,2326,183,1322,4020,1923,10007,3553,0,913,150
4,466,2865,3,357,1,958,725,0,4016,555,1552,433,170,2149,4025,3419,3553,9389,118,2364,3406,1062,2721,22,3981,214,5584,27,550,190,231,6588,72,2365,144,934,161,221,1048,4,176,2395,338,65,570,528,310,254,767,4533,508,39,232,853,729,782,933,309,166,4,631,795,104,46,14074,446,112,1787,136,1227,3096,1937,7804,202812,0,731,190
2,926,1729,5,485,2,1146,701,3,4359,635,1962,510,326,2659,5086,4494,3904,8551,130,3021,4549,1008,2275,9673,4774,259,2342,34,686,385,273,5288,107,3201,186,1444,152,285,6183,3,287,2075,382,47,750,570,282,252,862,5068,745,322,283,1255,1279,1033,1122,330,163,8,697,751,139,51,13967,456,139,2160,280,1376,3381,2394,11764,3270,0,964,273
2,1785,134394,2,1561,0,1067,512,3,3901,531,2103,1050,17935,2779,5378,4629,3455,6249,143,2848,3571,919,6927,64,2972,226,3676,26,853,570,235,4537,231,2922,175,1498,284,232,11888,41,404,2176,405,68,622,568,338,237,886,5295,1678,195,263,1011,1563,1339,1403,355,178,10,568,1092,176,65,11891,456,957,1951,4424,1332,2640,2770,8196,1457,0,707,231
3,766,1149,3,649,1,983,504,2,4052,456,1665,519,237,3145,5416,6627,3695,5677,229,3175,3066,816,2512,12,2531,262,1674,34,1129,274,309,3826,88,3020,146,1662,49,251,5467,7,351,2287,366,72,601,524,194,221,686,5046,724,157,353,1088,1641,1394,1133,548,132,2,609,558,114,72,10692,388,103,1968,2870,1330,2814,3243,10438,1311,0,1501,261
1,474,1265,2,330,0,897,457,3,3653,368,1546,447,164,4229,5958,5378,3641,3303,119,3268,2198,706,1656,20,2008,225,1773,26,891,234,408,3520,87,2474,158,1601,42,241,252,21,255,1320,346,32,592,596,148,202,695,4296,564,68,199,1088,860,1476,1005,532,127,2,583,321,80,42,9363,446,131,1821,411,1296,2593,5052,5645,1004,0,765,179
3,101,107,1,80,0,837,336,1,3193,252,863,278,98,2520,6338,2876,3225,1719,150,2780,1350,607,1073,12,1841,129,1039,20,756,54,297,3172,25,2134,130,922,38,225,149,2,246,970,321,44,335,287,105,115,578,3844,556,7,145,900,307,1184,753,677,124,0,487,185,106,52,7121,407,116,1343,36,1145,1928,6754,4743,1018,0,744,70
0,4179,2114,3,2311,0,1164,454,3,4366,435,2900,2001,526,4125,7658,9376,4068,2919,171,4354,945,685,8881,12,3659,237,13998,36,689,512,463,2972,1652,2971,339,2842,7436,328,41812,16,392,2421,340,145,655,999,172,177,690,4381,1378,497,346,1945,3990,1207,1927,660,176,16,574,584,223,186,8066,419,348,2077,6025,1389,2292,10489,2779,1428,1,1008,457
2,560,1142,1,420,0,868,343,2,3555,244,1505,629,153,7705,4172,3671,3854,1758,186,3723,676,489,2819,21,3561,210,1980,31,636,186,444,3298,103,2128,171,1796,62,300,3541,3,219,1212,348,41,598,469,115,152,528,3332,650,149,238,1420,891,1085,1157,325,107,4,465,200,77,34,6689,404,139,1589,933,1318,2220,9565,2954,1272,0,3355,209
0,687,732,3,403,0,862,349,4,3458,208,1307,397,295,8989,9849,3530,3334,1316,193,3320,1328,426,5590,27,2892,176,1107,20,626,124,300,2590,89,1945,208,1735,156,224,5003,2,203,1930,372,31,465,318,76,137,593,2908,626,94,187,1243,959,1016,1195,293,121,2,492,82,77,32,5477,387,150,1411,1464,1198,1991,8125,1557,1086,0,1105,221
0,356,415,5,491,0,918,336,4,3280,179,1248,475,216,12028,6723,5316,3810,1250,255,4214,723,366,2148,15,2664,188,1497,15,628,106,315,1923,101,1855,192,1982,41,321,798,1,227,1490,427,39,582,293,51,166,569,2917,703,48,244,1205,828,942,1369,298,107,1,455,101,148,47,5137,358,196,1426,1026,1247,1892,5702,3006,1332,0,835,269
3,83,26,0,83,0,740,144,11,2361,128,670,217,399,11887,9707,3446,2915,608,260,3093,289,277,1303,13426,1909,115,463,13,595,54,183,2220,32,1608,131,946,47,219,265,3,199,1420,398,39,362,292,32,122,447,2646,635,13,131,555,211,787,908,220,65,2,342,82,50,35,3506,333,241,1135,1055,1067,1557,4148,1187,1093,0,795,80
0,1946,942,0,696,0,1122,121522,5,3156,164,2068,3106,455,4642,9453,7207,4152,1307,344,4826,416,289,6959,12,1901,231,2552,21,791,130,252,3229,161,2145,196,3045,117,366,14627,5,316,2585,458,46,985,758,138,175,627,3016,1490,113,300,1328,1519,775,2346,384,109,11,494,732,133,91,4630,453,497,1504,12984,1399,2119,3050,3630,1270,0,1233,264
1,435,888,0,361,0,882,5321,3,2223,172,1111,662,510,7192,8635,3943,3617,848,304,4964,351,266,4391,15,1035,133,4159,14,681,77,189,2139,98,1791,182,1496,69,314,466,4,375,1874,431,47,798,734,30,176,522,2760,819,48,161,1256,759,579,1342,405,155,2,417,155,76,65,3431,1053,232,1173,1422,1239,1427,1906,876,655,0,895,219
1,193,528,2,155,0,849,172,8,1941,156,893,353,495,1545,7101,4048,3642,638,302,4947,1074,210,1454,17,402,129,753,16,572,69,137,4436,63,1932,182,1382,44,317,491,2,432,2316,447,38,1008,488,22,128,576,2723,811,16,198,1256,260,559,1301,432,311,4,369,157,106,62,2965,6980,152,1023,518,1361,1763,1721,3105,398,0,909,89
0,1735,1216,0,1498,0,1057,171,5,1791,137,1802,1440,8853,1908,10747,3180,3764,1217,239,6240,311,158,3877,10,568,153,2633,16,542,198,120,3006,369,2405,172,2668,416,320,8362,22,440,1434,436,39,1119,459,113,124,724,2418,1440,251,309,1331,1479,524,1737,781,250,11,342,65,187,64,2723,4815,219,1016,8680,1407,1060,982,681,358,0,1859,197
0,277,462,1,312,0,932,259,1,1308,127,1021,597,798,1326,8706,3502,3919,591,259,6440,1042,134,4112,8,376,129,1007,25,483,76,125,2475,115,2150,121,1495,11004,324,247,3,325,1529,474,35,1508,341,20,112,561,2246,836,36,163,1624,640,458,1463,503,196,3,363,102,68,83,2305,5669,103,915,1153,1581,1678,711,2368,307,0,9674,200
122,959,745,0,471,0,1126,186,0,1340,238,1352,1662,559,1377,7561,2860,4129,761,229,8213,651,107,2049,8,479,108,2070,17,516,128,134,2276,491,4161,124,3278,22,358,810,5,332,2157,589,43,1809,307,26,131,646,2169,1085,105,265,1594,541,397,2066,536,189,12,381,132,148,121,2210,3749,131,3870,5962,2192,1107,552,1528,303,0,2068,221
2,200,36,0,251,0,952,128,3,1122,532,901,504,539,1333,9443,1492,4273,469,231,10797,401,112,2787,14,305,125,881,10,436,38,113,1923,94,2123,117,1138,0,378,400,0,263,1326,600,30,2573,257,6,130,642,1938,920,29,156,447,395,392,1425,526,330,3,329,68,52,17,2031,33220,105,819,1069,2685,1721,403,889,254,0,903,163
1,736,359,2,420,0,1019,182,7,997,355,891,464,238,1401,8061,1303,4523,445,218,11507,228,102,8348,13,379,97,966,9,380,132,102,2351,100,2266,118,1067,15,328,580,6,271,858,579,51,2532,245,10,103,675,1381,1150,55,214,1314,870,306,1395,395,165,5,301,29,80,10,1814,3756,98,637,2259,1920,1866,281,1045,238,0,1581,147
1,560,162,1,542,0,1130,1091,1,1321,3170,1280,802,199,1752,11512,2629,4800,738,194,15350,340,100,4460,17,368,123,1122,18,403,51,82,2384,184,2080,117,1246,6,392,111,29,215,914,659,45,3335,255,9,125,687,1158,816,50,891,1582,1353,345,1685,585,66,3,278,70,134,8,1953,7491,111,721,4048,1783,2919,372,785,255,0,832,243
0,56,1,0,174,0,1065,11063,4,767,549,508,310,181,6269,14825,477,4569,249,218,16169,320,91,2353,78109,216,77,994,17,454,30,78,2365,81,1802,80,691,0,413,40,6462,180,438,632,37,2974,248,8,92,768,377,706,6,103,1210,155,273,1331,403,53,0,216,68,51,4,1568,971,100,516,709,1665,1418,229,1638,209,0,947,110
0,615,1075,0,410,0,1224,4352,6,1152,418,1519,1835,185,1622,4520,1317,5662,595,167,19762,1087,84,5346,0,363,112,3863,17,370,38,136,2944,191,1711,107,1168,10,357,250,75262,190,743,764,5867,3354,214,5,133,599,348,841,65,142,388,828,271,2109,866,61,9,237,38,98,2,2431,860,142,689,3816,1660,1731,268,1563,250,0,1060,345
0,225,115,1,263,0,1291,13429,8,1060,378,767,701,147,2862,14630,1169,4677,330,259,20062,276,56,2786,1,174,95,1106,11,405,45,55,1950,152,1368,78,788,5,410,57,12918,156,301,857,34,2401,238,2,100,609,126,751,31,102,1077,583,266,1787,1124,896,3,226,70,73,2,2638,1156,111,510,2332,1645,1102,176,35,200,0,1116,156
0,248,293,0,275,0,1592,1520,7,1004,371,952,1133,98,1667,4134,700,4856,485,167,21731,606,71,5183,0,152,97,1286,17,413,35,94,2397,161,1216,65,1151,1,409,48,9431,152,285,1006,42,1450,178,4,93,663,221,787,26,129,1371,468,250,2242,1234,52,0,169,42,95,4,3193,1307,128,506,2692,1814,1292,191,1069,186,0,1252,153
0,162,272,0,339,0,1692,13810,9,1078,306,719,1106,70,1456,11605,422,4334,448,147,23757,1126,61,4416,1,141,88,1254,14,403,33,64,1958,176,1139,60,735,0,364,49,18,132,253,1698,23,1375,163,2,94,624,81,706,26,102,670,298,244,1975,907,60,5,193,47,111,1,2720,1133,139,458,2264,1962,1876,217,2542,188,0,798,114
0,103,63,0,262,0,2109,598,16,1006,275,617,3684,56,1872,5009,505,4148,381,149,24029,405,45,5416,0,82,63,1348,16,476,20,62,2817,156,931,48,664,1,373,22,3,163,372,3968,39,521,146,1,115,572,176,546,15,72,765,219,243,1885,1152,60,4,175,38,96,1,1864,667,142,403,1769,8767,1468,278,0,205,0,19478,119
0,74,7,0,282,0,2739,14863,10,896,279,706,1807,50,1503,8570,653,4293,352,116,25978,3034,65,5322,1,70,94,1472,16,526,15,73,4077,164,1187,39,930,0,372,1316,3,145,372,2989,42,1304,204,5,102,472,1959,810,19,82,1265,178,227,2355,2379,55,2,163,18,107,0,1379,585,192,393,1266,2801,1987,274,0,189,0,1310,81
0,28,4,0,265,0,3339,898,12,1570,334,426,1661,66,1404,1660,477,5020,226,101,26679,78,47,4158,0,36,59,1726,14,1866,18,59,3786,144,1113,47,630,1,380,118,2,141,108,1220,53,374,120,72,105,339,247,842,17,53,1533,107,216,2367,1902,64,2,157,34,70,0,957,719,181,416,1558,3107,1270,407,1198,213,0,1327,43
0,1,2,0,284,0,4209,15707,9842,271,216,240,1499,33,1881,9052,332,6355,52,81,27061,4349,40,5477,0,25,45,2060,22,741,7,63,5838,138,1125,27,625,0,348,2,0,202,17,1976,40,118,120,0,71,400,227,876,3,30,90,73,236,2327,3472,43,2,173,29,153,0,561,2276,241,351,570,3670,5263,817,0,257,0,907,31
0,1,0,0,362,0,5249,35,232,42,457,32,1364,22,1115,233,357,8684,30,50,38254,64,41,2544,4,11,23,2839,3,1272,8,132,7380,137,1450,19,409,0,381,8,0,248,6,1706,101,4,26,74,70,410,3,1067,0,2,1977,72,217,1216,41617,21,3,62,4,150,1,286,1411,224,164,110,3929,206,1709,0,296,0,837,25
0,0,0,0,499,0,5160,0,281,10,289,0,11,4,411,41,881,4772,0,46,47197,0,24,610,0,1,2,2079,0,1732,0,63,3883,72,1011,1,125,0,16,2,0,94,1,1713,107,1,0,0,9,1,1,780,0,0,0,3,23,671,9,6,0,25,13,167,0,53,4261,172,7,0,3029,278,154,0,108,0,592,6
267,28663,4587,0,27127,0,25723,68315,13443,26225,2382,175368,269484,270748,16495,11369,56887,38253,20829,2316,168089,353593,936,36411,5,1912,2257,69211,166,3577,489,1182,52478,20780,61055,2630,8053,36447,2380,231079,683,4614,1171,33321,260,1458,11137,135,1662,1302,429,8564,29846,864,7625,30173,1759,33363,108941,779,3659,7893,381,380421,5056,2421,5884,5027,3161,134831,18410,9732,7811,392,5279,36,38290,5229